Name,Cases,Location
Fresno County jail,"3,985","Fresno, Calif."
Harris County jail,"3,805","Houston, Texas"
Substance Abuse Treatment Facility and State Prison,"3,647","Corcoran, Calif."
Avenal State Prison,"3,640","Avenal, Calif."
Soledad prison,"3,074","Soledad, Calif."
California Men’s Colony prison,"2,999","San Luis Obispo, Calif."
San Quentin State Prison,"2,682","San Quentin, Calif."
Cook County Jail,"2,669","Chicago, Ill."
Charles Egeler Reception & Guidance Center prison,"2,618","Jackson, Mich."
High Desert State Prison,"2,607","Susanville, Calif."
California Rehabilitation Center prison,"2,490","Norco, Calif."
Marion Correctional Institution,"2,490","Marion, Ohio"
Pleasant Valley State Prison,"2,420","Coalinga, Calif."
Carson City Correctional Facility,"2,388","Carson City, Mich."
Wasco State Prison,"2,301","Wasco, Calif."
Central Michigan Correctional Facility,"2,301","St. Louis, Mich."
Mule Creek State Prison,"2,255","Ione, Calif."
Beaumont federal prison complex,"2,245","Beaumont, Texas"
Arizona State Prison Complex – Tucson,"2,242","Tucson, Ariz."
Los Angeles County state prison,"2,153","Lancaster, Calif."
Fort Dix federal prison,"2,118","Fort Dix, N.J."
California Institution for Men,"2,086","Chino, Calif."
Chuckawalla Valley State Prison,"2,065","Blythe, Calif."
California Correctional Institution,"2,030","Tehachapi, Calif."
Eyman Complex prison,"2,023","Florence, Ariz."
Chippewa Correctional Facility,"2,023","Kinross, Mich."
Arizona State Prison Complex – Yuma,"2,010","San Luis, Ariz."
Valley State Prison,"2,010","Chowchilla, Calif."
Ironwood State Prison,"1,950","Blythe, Calif."
Victorville federal prison complex,"1,913","Victorville, Calif."
Airway Heights Corrections Center,"1,886","Airway Heights, Wash."
Pickaway Correctional Institution,"1,855","Scioto Township, Ohio"
Corcoran State Prison,"1,810","Corcoran, Calif."
Utah State Prison,"1,764","Draper, Utah"
Sterling Correctional Center,"1,762","Sterling, Colo."
Ouachita River Unit prison,"1,721","Malvern, Ark."
Butner federal prison complex,"1,695","Butner, N.C."
Hutchinson Correctional Facility,"1,665","Hutchinson, Kan."
California Correctional Center,"1,661","Susanville, Calif."
Gus Harrison Correctional Facility,"1,656","Adrian, Mich."
Sierra Conservation Center prison,"1,654","Jamestown, Calif."
Bexar County jail,"1,643","San Antonio, Texas"
Folsom prison,"1,587","Represa, Calif."
North County jail,"1,564","Castaic, Calif."
North Kern State Prison,"1,548","Delano, Calif."
State Correctional Institution at Dallas,"1,538","Dallas, Pa."
Richard J. Donovan Correctional Facility,"1,529","San Diego, Calif."
Calipatria State Prison,"1,488","Calipatria, Calif."
Columbia Correctional Institution,"1,482","Lake City, Fla."
French Robertson Unit prison,"1,465","Abilene, Texas"
Coffield Unit prison,"1,454","Tennessee Colony, Texas"
Kern Valley State Prison,"1,452","Delano, Calif."
Kinross Correctional Facility,"1,447","Kincheloe, Mich."
Cooper Street Correctional Facility,"1,441","Jackson, Mich."
Correctional Reception Center,"1,437","Orient, Ohio"
Clark County jail,"1,428","Las Vegas, Nev."
Idaho State Correctional Center,"1,418","Kuna, Idaho"
Trousdale Turner Correctional Center,"1,413","Hartsville, Tenn."
Vacaville state prison,"1,400","Vacaville, Calif."
Terre Haute federal prison complex,"1,395","Terre Haute, Ind."
Seagoville federal prison,"1,386","Seagoville, Texas"
South Woods State Prison,"1,379","Cumberland County, N.J."
Florence federal prison complex,"1,355","Florence, Colo."
Minnesota Correctional Facility – Faribault,"1,353","Faribault, Minn."
El Paso County jail,"1,345","Colorado Springs, Colo."
Eastern Kentucky Correctional Complex,"1,343","Morgan County, Ky."
Racine Correctional Institution/Sturtevant Transitional Facility,"1,316","Sturtevant, Wis."
Pollock federal prison complex,"1,315","Pollock, La."
Arizona State Prison Complex – Lewis,"1,310","Buckeye, Ariz."
Eastern Correctional Institution,"1,310","Westover, Md."
Twin Towers jail,"1,302","Los Angeles, Calif."
California Health Care Facility prison,"1,300","Stockton, Calif."
Forrest City federal prison complex,"1,296","Forrest City, Ark."
Stafford Creek Corrections Center,"1,293","Aberdeen, Wash."
"California State Prison, Centinela","1,291","Imperial, Calif."
Salinas Valley State Prison,"1,285","Soledad, Calif."
Saginaw Correctional facility,"1,278","Saginaw, Mich."
State Correctional Institution at Cambridge Springs,"1,271","Cambridge Springs, Pa."
Lawrence Correctional Center,"1,256","Sumner, Ill."
South Central Correctional Facility,"1,253","Clifton, Tenn."
Tucson federal prison complex,"1,245","Tucson, Ariz."
California City Correctional Facility,"1,235","California City, Calif."
Cummins Unit prison,"1,219","Grady, Ark."
Muskegon Correctional Facility,"1,216","Muskegon, Mich."
El Dorado Correctional Facility,"1,208","Prospect Township, Kan."
Minnesota Correctional Facility – Stillwater,"1,198","Stillwater, Minn."
Lansing Correctional Facility,"1,196","Lansing, Kan."
Bent County Correctional Facility,"1,186","Las Animas, Colo."
Van Cise-Simonet Detention Center,"1,181","Denver, Colo."
Neal Unit prison,"1,174","Amarillo, Texas"
Washington State Penitentiary,"1,167","Walla Walla, Wash."
Arizona State Prison Complex – Douglas,"1,163","Douglas, Ariz."
Oshkosh Correctional Institution,"1,162","Oshkosh, Wis."
Northwest Correctional Complex,"1,149","Tiptonville, Tenn."
Alfred D. Hughes Unit prison,"1,147","Gatesville, Texas"
Lowell Correctional Institution,"1,139","Ocala, Fla."
Coleman federal prison complex,"1,138","Sumterville, Fla."
Allenwood federal prison complex,"1,133","Allenwood, Pa."
Danville Correctional Center,"1,124","Danville, Ill."
Earnest C. Brooks Correctional Facility,"1,120","Muskegon Heights, Mich."
Metropolitan Detention Center,"1,120","Albuquerque, N.M."
Lompoc federal prison complex,"1,120","Lompoc, Calif."
Dallas County jail,"1,119","Dallas, Texas"
Central Utah Correctional Facility,"1,108","Gunnison, Utah"
Central California Women’s Facility,"1,098","Chowchilla, Calif."
Estelle Unit prison,"1,094","Huntsville, Texas"
Luther Luckett Correctional Complex,"1,089","LaGrange, Ky."
G. Robert Cotton Correctional Facility,"1,086","Jackson, Mich."
Bellamy Creek Correctional Facility,"1,085","Ionia, Mich."
Washington Corrections Center,"1,081","Shelton, Wash."
Michigan Reformatory,"1,080","Ionia, Mich."
State Correctional Institution at Forest,"1,076","Marienville, Pa."
Wrightsville Unit prison,"1,074","Wrightsville, Ark."
Northern Nevada Correctional Center,"1,071","Carson City, Nev."
York County jail,"1,064","York, Pa."
"Eastern Reception, Diagnostic and Correctional Center","1,063","Bonne Terre, Mo."
Arkansas Valley Correctional Facility,"1,060","Ordway, Colo."
Vacaville state medical prison,"1,056","Vacaville, Calif."
Fox Lake Correctional Institution,"1,053","Fox Lake, Wis."
Elkton federal prison,"1,051","Lisbon, Ohio"
Pinckneyville Correctional Center,"1,044","Pinckneyville, Ill."
Minnesota Correctional Facility – St. Cloud,"1,043","St. Cloud, Minn."
Goose Creek Correctional Center,"1,041","Wasilla, Alaska"
Northpoint Training Center prison,"1,040","Burgin, Ky."
Suwannee Correctional Institution,"1,038","Live Oak, Fla."
Marquette Branch Prison,"1,035","Marquette, Mich."
State Correctional Institution at Waymart,"1,035","Waymart, Pa."
Kettle Moraine Correctional Institution,"1,035","Plymouth, Wis."
Bledsoe County Correctional Complex,"1,033","Pikeville, Tenn."
State Correctional Institution at Somerset,"1,031","Somerset, Pa."
Men's Central Jail,"1,031","Los Angeles, Calif."
Mayo Correctional Institution Annex,"1,028","Mayo, Fla."
Santa Rosa Correctional Institution,"1,026","Milton, Fla."
Anamosa State Penitentiary,"1,023","Anamosa, Iowa"
Cuyahoga County jail,"1,023","Cleveland, Ohio"
Sedgwick County jail,"1,014","Wichita, Kansas"
Dixon Correctional Institute,999,"Jackson, La."
East Arkansas Regional Unit prison,967,"Marianna, Ark."
Saint Louis Correctional Facility,964,"Saint Louis, Mich."
Dodge Correctional Institution,958,"Waupun, Wis."
Saguaro Correctional Center,956,"Eloy, Ariz."
Crowley County Correctional Facility,953,"Olney Springs, Colo."
Lakeland Correctional Facility,953,"Coldwater, Mich."
Otero County correctional facilities,941,"Chaparral, N.M."
James V. Allred Unit prison,939,"Iowa Park, Texas"
William S. Key Correctional Center,935,"Fort Supply, Okla."
Newberry Correctional Facility,928,"Pentland Township, Mich."
Idaho State Correctional Institution,927,"Kuna, Idaho"
Fremont Correctional Facility,926,"Cañon City, Colo."
Richard A. Handlon Correctional Facility,915,"Ionia, Mich."
Fulton Reception and Diagnostic Center prison,909,"Fulton, Mo."
Leavenworth federal prison,903,"Leavenworth, Kan."
Two Rivers Correctional Institution,902,"Umatilla, Ore."
Pekin federal prison,901,"Pekin, Ill."
Stiles Unit prison,898,"Beaumont, Texas"
Lea County Correctional Facility,897,"Hobbs, N.M."
William Clements Unit prison,896,"Amarillo, Texas"
North Central Correctional Institution,894,"Gardner, Mass."
Graham Correctional Center,893,"Hillsboro, Ill."
Norton Correctional Facility,893,"Norton, Kan."
Oaks Correctional Facility,890,"Manistee, Mich."
James T. Vaughn Correctional Center,887,"Smyrna, Del."
Varner Supermax Unit prison,881,"Grady, Ark."
Polunsky Unit prison,880,"Livingston, Texas"
Newton Correctional Facility,877,"Palo Alto Township, Iowa"
Louisiana State Penitentiary,877,"Angola, La."
Deerfield Correctional Center,872,"Capron, Va."
Lovelock Correctional Center,867,"Lovelock, Nev."
Dixon Correctional Center,866,"Dixon, Ill."
Mike Durfee State Prison,865,"Springfield, S.D."
Marion federal prison,865,"Marion, Ill."
Greenville federal prison,852,"Greenville, Ill."
Arizona State Prison Complex – Safford,851,"Safford, Ariz."
Century Correctional Institution,851,"Century, Fla."
Waupun Correctional Institution,851,"Waupun, Wis."
Mount Pleasant Correctional Facility,850,"Mount Pleasant, Iowa"
California Institution for Women prison,848,"Corona, Calif."
Lexington federal medical center,843,"Lexington, Ky."
Deuel Vocational Institution prison,834,"Tracy, Calif."
Limon Correctional Facility,833,"Limon, Colo."
Oxford federal prison,832,"Oxford, Wis."
Logan Correctional Center,828,"Broadwell Township, Ill."
Big Spring federal prison,826,"Big Spring, Texas"
Jess Dunn Correctional Center,825,"Taft, Okla."
Fort Worth federal prison medical center,816,"Fort Worth, Texas"
Loretto federal prison,810,"Loretto, Pa."
Grimes Unit prison,809,"Newport, Ark."
Roach Unit prison,809,"Childress, Texas"
Dr. Eddie Warrior Correctional Center,804,"Taft, Okla."
High Desert State Prison,799,"Indian Springs, Nev."
Terminal Island federal prison,790,"San Pedro, Calif."
Carswell federal prison medical center,785,"Fort Worth, Texas"
Kentucky State Penitentiary,782,"Lyon County, Ky."
Greensville Correctional Center,782,"Jarratt, Va."
Sandstone federal prison,779,"Sandstone, Minn."
Roederer Correctional Complex,778,"LaGrange, Ky."
Englewood federal prison,772,"Littleton, Colo."
Graceville Correctional Facility,768,"Graceville, Fla."
Lee Adjustment Center prison,768,"Beattyville, Ky."
La Palma ICE facility,767,"Eloy, Ariz."
Manchester federal prison,765,"Manchester, Ky."
Taylor Correctional Institution,764,"Perry, Fla."
State Correctional Institution at Smithfield,764,"Huntingdon, Pa."
Farmington Correctional Center,757,"Farmington, Mo."
Texarkana federal prison,757,"Texarkana, Texas"
MacDougall-Walker Correctional Institution,745,"Suffield, Conn."
Garden State Youth Correctional Facility,745,"Burlington County, N.J."
Orange County Jail,740,"Orlando, Fla."
San Juan County Detention Center,725,"Farmington, N.M."
Rappahannock Regional Jail,721,"Stafford, Va."
Sussex Correctional Institution,720,"Georgetown, Del."
Snake River Correctional Institution,718,"Ontario, Ore."
Michael Unit prison,716,"Tennessee Colony, Texas"
Jim Ferguson Unit prison,712,"Midway, Texas"
State Correctional Institution at Laurel Highlands,711,"Somerset, Pa."
Fayette County jail,708,"Lexington, Ky."
Coffeewood Correctional Center,707,"Mitchells, Va."
Western Virginia Regional Jail,702,"Salem, Va."
Raymond Laborde Correctional Center,699,"Avoyelles Parish, La."
Fluvanna Correctional Center for Women,697,"Troy, Va."
Lee federal prison,697,"Pennington Gap, Va."
Virginia Beach Correctional Center,694,"Virginia Beach, Va."
Bayside State Prison,693,"Maurice River Township, N.J."
Monroe Correctional Center,692,"Monroe, Wash."
Jackson Correctional Institution,689,"Black River Falls, Wis."
Oakdale federal prison complex,689,"Oakdale, La."
Southern Desert Correctional Center,685,"Indian Springs, Nev."
Pontiac Correctional Center,683,"Pontiac, Ill."
El Reno federal prison,680,"El Reno, Okla."
William G. McConnell Unit prison,678,"Beeville, Texas"
Kirkland Correctional Institution,677,"Columbia, S.C."
Fabian Dale Dominguez State Jail,677,"San Antonio, Texas"
Schuykill federal prison,675,"Minersville, Pa."
Colorado Territorial Correctional Facility,674,"Cañon City, Colo."
Ellsworth Correctional Facility,674,"Ellsworth, Kan."
Smith Unit prison,674,"Lamesa, Texas"
George Beto Unit prison,671,"Tennessee Colony, Texas"
Santa Rita Jail,671,"Dublin, Calif."
Safford federal prison,671,"Safford, Ariz."
Montana State Prison,669,"Deer Lodge, Mont."
Webb County jail,669,"Laredo, Texas"
Buckingham Correctional Center,668,"Dillwyn, Va."
McPherson Unit prison,667,"Newport, Ark."
Springfield federal medical center prison,666,"Springfield, Mo."
Clarinda Correctional Facility,665,"Clarinda, Iowa"
Reynoldo V. Lopez State Jail,661,"Edinburg, Texas"
Tucker Unit prison,660,"Tucker, Ark."
Petersburg federal prison complex,660,"Hopewell, Va."
Parnall Correctional Facility,658,"Jackson, Mich."
Baker Correctional Institution,657,"Sanderson, Fla."
"Women's Eastern Reception, Diagnostic and Correctional Center prison",655,"Vandalia, Mo."
Augusta Correctional Center,655,"Craigsville, Va."
Fort Dodge Correctional Facility,654,"Fort Dodge, Iowa"
Arizona State Prison – Kingman,653,"Golden Valley, Ariz."
Pitchess Detention Center,653,"Castaic, Calif."
Arizona State Prison Complex – Phoenix,651,"Phoenix, Ariz."
Thomson federal prison,650,"Thomson, Ill."
Jacksonville Correctional Center,643,"Jacksonville, Ill."
New Lisbon Correctional Institution,643,"New Lisbon, Wis."
Vandalia Correctional Center,642,"Vandalia, Ill."
Yazoo City federal prison complex,639,"Yazoo City, Miss."
Iowa Medical and Classification Center prison,635,"Coralville, Iowa"
Little Sandy Correctional Complex,635,"Elliott County, Ky."
Mecklenburg County jail,634,"Charlotte, N.C."
Middle River Regional Jail,634,"Staunton, Va."
State Correctional Institution at Mahanoy,632,"Mahanoy, Pa."
Topeka Correctional Facility,630,"Topeka, Kan."
Halawa Correctional Facility,627,"Aiea, Hawaii"
La Tuna federal prison,627,"Anthony, Texas"
Elmira Correctional Facility,626,"Elmira, N.Y."
Howard R. Young Correctional Institution,622,"Wilmington, Del."
Wynne Unit prison,622,"Huntsville, Texas"
Green Bay Correctional Institution,622,"Allouez, Wis."
Kentucky State Reformatory prison,620,"LaGrange, Ky."
Montgomery County jail,618,"Eagleville, Pa."
South Dakota State Penitentiary,615,"Sioux Falls, S.D."
Huntsville Unit prison,614,"Huntsville, Texas"
"California State Prison, Sacramento",613,"Represa, Calif."
Buena Vista Correctional Facility,612,"Buena Vista, Colo."
Sheridan Correctional Center,609,"Sheridan, Ill."
Massachusetts Correctional Institution-Shirley,608,"Shirley, Mass."
Thumb Correctional Facility,605,"Lapeer, Mich."
Monroe County Jail,605,"Rochester, N.Y."
James Crabtree Correctional Center,604,"Helena, Okla."
State Correctional Institution at Camp Hill,604,"Camp Hill, Pa."
Rufe Jordan Unit prison,598,"Pampa, Texas"
State Correctional Institution at Muncy,595,"Muncy, Pa."
Daniel Webster Wallace Unit prison,593,"Colorado City, Texas"
Doña Ana County Adult Detention Center,591,"Las Cruces, N.M."
Beauford H. Jester III Unit prison,585,"Richmond, Texas"
Florida Women's Reception Center prison,584,"Ocala, Fla."
Northern State Prison,583,"Newark, N.J."
Dillwyn Correctional Center,583,"Dillwyn, Va."
Coyote Ridge Corrections Center,579,"Connell, Wash."
Macomb Correctional Facility,575,"Lenox Township, Mich."
Phoenix federal prison,574,"Phoenix, Ariz."
Nottoway Correctional Center,571,"Burkeville, Va."
Everglades Correctional Institution,570,"Miami, Fla."
Massachusetts Correctional Institution- Norfolk,569,"Norfolk, Mass."
Tabor Correctional Institution,566,"Tabor City, N.C."
North Carolina Correctional Institution for Women Medical Facility,565,"Raleigh, N.C."
Wallace Pack Unit prison,565,"Navasota, Texas"
Oahu Community Correctional Center,565,"Oahu, Hawaii"
Jefferson County jail,565,"Beaumont, Texas"
Oklahoma City federal prison,565,"Oklahoma City, Okla."
Adult Diagnostic and Treatment Center prison,563,"Avenel, N.J."
Montford Unit prison,561,"Lubbock, Texas"
Miami federal prison complex,561,"Miami, Fla."
South Bay Correctional Facility,560,"South Bay, Fla."
John E. Goode Pre-Trial Detention Facility,560,"Jacksonville, Fla."
Madison Correctional Institution,558,"London, Ohio"
Taycheedah Correctional Institution,558,"Fond du Lac, Wis."
Taylorville Correctional Center,557,"Taylorville, Ill."
Stanley Correctional Institution,556,"Stanley, Wis."
Baltimore Central Booking and Intake Center,556,"Baltimore, Md."
Bastrop federal prison,556,"Bastrop, Texas"
Craven Correctional Institution,555,"Vanceboro, N.C."
Terrell Unit prison,555,"Rosharon, Texas"
Reception and Medical Center prison,550,"Lake Butler, Fla."
Northeast Correctional Complex,550,"Mountain City, Tenn."
Hazelton federal prison complex,549,"Bruceton Mills, W.Va."
Warm Springs Correctional Center,548,"Carson City, Nev."
Louisville jail,547,"Louisville, Ky."
North Branch Correctional Institution,546,"Cumberland, Md."
Osborn Correctional Institution,545,"Somers, Conn."
Women's Huron Valley Correctional Facility,542,"Ypsilanti, Mich."
Reception Diagnostic Center prison,541,"Plainfield, Ind."
Carrizales-Rucker Cameron County Detention Center,541,"Olmito, Texas"
Tyger River Correctional Facility,540,"Enoree, S.C."
Wakulla Correctional Institution,539,"Crawfordville, Fla."
Nash Correctional Institution,539,"Nashville, N.C."
State Correctional Institution at Coal Township,539,"Coal Township, Pa."
Anthony P. Travisono Intake Service Center prison,536,"Cranston, R.I."
State Farm Correctional Complex,536,"State Farm, Va."
Pueblo County Jail,536,"Pueblo, Colo."
Eastern Oregon Correctional Institution,535,"Pendleton, Ore."
Franklin Medical Center prison hospital,534,"Columbus, Ohio"
Wyoming State Penitentiary,534,"Rawlins, Wyo."
Menard Correctional Center,532,"Chester, Ill."
Jesup federal prison,531,"Jesup, Ga."
John H. Lilley Correctional Center,530,"Boley, Okla."
Nueces County Jail/McKinzie Jail Annex,530,"Corpus Christi, Texas"
Big Spring federal prison,530,"Big Spring, Texas"
Cibola County Correctional Center,528,"Milan, N.M."
South Idaho Correctional Institution,527,"Kuna, Idaho"
Christina Melton Crain Unit prison,523,"Gatesville, Texas"
Tallahassee federal prison,522,"Tallahassee, Fla."
Winfield Correctional Facility,517,"Winfield, Kan."
Broad River Correctional Institute,516,"Columbia, S.C."
Anchorage Correctional Complex,514,"Anchorage, Alaska"
State Correctional Institution at Phoenix,512,"Collegeville, Pa."
"Western Reception, Diagnostic and Correctional Center prison",511,"Saint Joseph, Mo."
Central Reception and Assignment Facility prison,511,"Trenton, N.J."
Oregon State Penitentiary,509,"Salem, Ore."
Neuse Correctional Institution,508,"Goldsboro, N.C."
Nashville men's jail,505,"Nashville, Tenn."
Haynesville Correctional Center,496,"Haynesville, Va."
Stateville Correctional Center,495,"Crest Hill, Ill."
Jefferson City Correctional Center,495,"Jefferson City, Mo."
John Middleton Transfer Facility prison,495,"Abilene, Texas"
Stewart ICE facility,495,"Lumpkin, Ga."
McKean federal prison,495,"Lewis Run, Pa."
Stateville Northern Reception and Classification Center,493,"Joliet, Ill."
Jessup Correctional Institution,492,"Jessup, Md."
North Central Unit prison,491,"Calico Rock, Ark."
Prairie du Chien Correctional Institution,489,"Prairie du Chien, Wis."
Delta Regional Unit prison,488,"Dermott, Ark."
Northwest Florida Reception Center prison,486,"Chipley, Fla."
Waseca federal prison,485,"Waseca, Minn."
Larry Gist State Jail,484,"Beaumont, Texas"
Oakhill Correctional Institution,484,"Oregon, Wis."
Nassau County jail,483,"East Meadow, N.Y."
East Moline Correctional Center,481,"East Moline, Ill."
State Correctional Institution at Albion,481,"Albion, Pa."
Brooklyn Metropolitan Detention Center federal prison,479,"Brooklyn, N.Y."
Ohio Reformatory for Women,478,"Marysville, Ohio"
Big Muddy River Correctional Center,476,"Ina, Ill."
Wabash Valley Correctional Facility,475,"Carlisle, Ind."
New Jersey State Prison,475,"Trenton, N.J."
Robinson Correctional Center,474,"Robinson, Ill."
Dick Conner Correctional Center,474,"Hominy, Okla."
Saint Brides Correctional Center,474,"Chesapeake, Va."
McDowell federal prison,473,"Welch, W.Va."
Cumberland federal prison,471,"Cumberland, Md."
Memphis federal prison,471,"Memphis, Tenn."
New Castle Correctional Facility,470,"New Castle, Ind."
Kentucky Correctional Institution for Women,470,"Pewee Valley, Ky."
West Tennessee State Penitentiary,470,"Henning, Tenn."
Milwaukee County House of Correction,470,"Franklin, Wis."
Allegheny County jail,469,"Pittsburgh, Pa."
Passaic County Jail,468,"Paterson, N.J."
Eastham Unit prison,467,"Lovelady, Texas"
Devens federal medical center prison,467,"Ayer, Mass."
Central New Mexico Correctional Facility,466,"Los Lunas, N.M."
Louis C. Powledge Unit,465,"Palestine, Texas"
Philadelphia federal prison,464,"Philadelphia, Pa."
Southern State Correctional Facility,463,"Maurice River Township, N.J."
Scotland Correctional Institution,463,"Laurinburg, N.C."
Travis County jail,462,"Austin, Texas"
Westville Correctional Facility,461,"Westville, Ind."
Chillicothe Correctional Institution,461,"Chillicothe, Ohio"
Atwater federal prison,460,"Atwater, Calif."
Dauphin County jail,455,"Harrisburg, Pa."
Rochester federal prison medical center,455,"Rochester, Minn."
Hamilton Correctional Institution,454,"Jasper, Fla."
Hill Correctional Center,453,"Galesburg, Ill."
Ada County Jail,453,"Boise, Idaho"
Louisiana Correctional Institute for Women,452,"Saint Gabriel, La."
Central Detention Facility,451,"Washington, D.C."
Ionia Correctional Facility,450,"Ionia, Mich."
Minnesota Correctional Facility – Lino Lakes,450,"Lino Lakes, Minn."
William P. Hobby Unit prison,450,"Marlin, Texas"
Redgranite Correctional Institution,450,"Redgranite, Wis."
Ramsey Unit prison,447,"Rosharon, Texas"
Albemarle Correctional Institution,446,"New London, N.C."
Los Angeles Metropolitan Detention Center federal prison,444,"Los Angeles, Calif."
James River Correctional Center,443,"Jamestown, N.D."
George Bailey Jail,443,"San Diego, Calif."
San Diego federal prison,442,"San Diego, Calif."
Arizona State Prison Complex – Florence,440,"Florence, Ariz."
Green River Correctional Complex,440,"Central City, Ky."
Pam Lychner State Jail,440,"Humble, Texas"
Douglas County jail,440,"Omaha, Neb."
Northwestern Regional Adult Detention Center,440,"Winchester, Va."
Four Mile Correctional Center,439,"Cañon City, Colo."
John J. Moran prison,439,"Cranston, R.I."
Ellis Unit prison,439,"Huntsville, Texas"
Southern Ohio Correctional Facility,437,"Lucasville, Ohio"
Ashland federal prison,437,"Ashland, Ky."
Western Kentucky Correctional Complex,436,"Fredonia, Ky."
Larned Correctional Mental Health Facility,435,"Larned, Kan."
Westmoreland County jail,434,"Greensburg, Pa."
Allen Oakwood Correctional Institution,433,"Lima, Ohio"
Darrington Unit prison,433,"Rosharon, Texas"
Central Florida Reception Center prison,431,"Orlando, Fla."
Connally Unit prison,431,"Kenedy, Texas"
Corrigan-Radgowski Correctional Center,430,"Uncasville, Conn."
Segovia Unit prison,429,"Edinburg, Texas"
Canaan federal prison,428,"Waymart, Pa."
Bay Correctional Facility,427,"Panama City, Fla."
Henrico County Regional Jail West,425,"Henrico, Va."
El Paso ICE Service Processing Center,425,"El Paso, Texas"
North Fork Correctional Center,424,"Sayre, Okla."
North Central Correctional Facility,423,"Rockwell City, Iowa"
Walton Correctional Institution,422,"DeFuniak Springs, Fla."
Eloy ICE facility,422,"Eloy, Ariz."
Chillicothe Correctional Center,421,"Chillicothe, Mo."
Western Correctional Institution,420,"Cumberland, Md."
Rockville Correctional Facility,418,"Rockville, Ind."
Hartford Correctional Center,417,"Hartford, Conn."
Milwaukee County jail,416,"Milwaukee, Wis."
Pelican Bay State Prison,415,"Crescent City, Calif."
Mansfield Correctional Institution,413,"Mansfield, Ohio"
Arrowhead Correctional Center,412,"Cañon City, Colo."
South Florida Reception Center prison,411,"Doral, Fla."
Estes Unit prison,411,"Venus, Texas"
Marianna federal prison,411,"Marianna, Fla."
Carl Robinson Correctional Institution,410,"Enfield, Conn."
Cheshire Correctional Institution,410,"Cheshire, Conn."
Bluebonnet ICE facility,408,"Anson, Texas"
Gilmer federal prison,408,"Glenville, W.Va."
State Correctional Institution at Huntingdon,406,"Huntington, Pa."
Lehigh County jail,406,"Allentown, Pa."
Cross City Correctional Institution,399,"Cross City, Fla."
Homestead Correctional Institution,399,"Homestead, Fla."
Marion Correctional Institution,397,"Ocala, Fla."
MacDougall Correctional Institution,397,"Ridgeville, S.C."
Tulsa County jail,396,"Tulsa, Okla."
South Mississippi Correctional Institution,395,"Leakesville, Miss."
Southeast Correctional Center,395,"Charleston, Mo."
Maximum Security prison,395,"Cranston, R.I."
DeKalb County jail,395,"Decatur, Ga."
Roxbury Correctional Institution,393,"Hagerstown, Md."
Maryland Correctional Training Center,392,"Hagerstown, Md."
Metropolitan Transition Center prison,391,"Baltimore, Md."
East Jersey State Prison,390,"Rahway, N.J."
Reverend C.A. Holliday Transfer Facility prison,390,"Huntsville, Texas"
Travis County State Jail,390,"Austin, Texas"
Lucile Plane State Jail,388,"Dayton, Texas"
State Correctional Institution at Chester,387,"Chester, Pa."
State Correctional Institution at Benner Township,386,"Bellafonte, Pa."
Augusta State Medical Prison,385,"Wrightsville, Ga."
Putnamville Correctional Facility,384,"Greencastle, Ind."
Saint Joseph County jail,382,"South Bend, Ind."
Franklin Correctional Institution,381,"Carrabelle, Fla."
Polk County jail,381,"Des Moines, Iowa"
Mercer County jail,381,"Hopewell Township, N.J."
Shawnee Correctional Center,380,"Vienna, Ill."
Debra K. Johnson Rehabilitiation Center prison,380,"Nashville, Tenn."
Saint Marys Correctional Center,380,"Saint Marys, W.Va."
Warren Correctional Institution,379,"Manson, N.C."
Coffee Creek Correctional Facility,379,"Wilsonville, Ore."
Idaho Correctional Institution Orofino,378,"Orofino, Idaho"
Clinton Correctional Facility,378,"Village of Dannemora, N.Y."
Lancaster County jail,378,"Lancaster, Pa."
South Texas ICE Processing Center,378,"Pearsall, Texas"
Chicago federal prison,377,"Chicago, Ill."
Western Missouri Correctional Center,376,"Cameron, Mo."
William H. Fauver Youth Correctional Facility,374,"Clinton Township, N.J."
State Correctional Institution at Houtzdale,373,"Houtzdale, Pa."
Thomas Goree Unit prison,373,"Huntsville, Texas"
Three Rivers federal prison,372,"Three Rivers, Texas"
New Hampshire State Prison for Men,371,"Concord, N.H."
Piedmont Correctional Institution,370,"Salisbury, N.C."
Trinidad Correctional Facility,369,"Model, Colo."
Massachusetts Correctional Institution-Concord,369,"Concord, Mass."
Monterey County Jail,368,"Salinas, Calif."
Tygart Valley Regional Jail and Correctional Facility,368,"Belington, W.Va."
Rogelio Sanchez State Jail,367,"El Paso, Texas"
East Texas Multi-Use Facility prison,366,"Henderson, Texas"
Telford Unit prison,366,"New Boston, Texas"
Hampden County jail,366,"Ludlow, Mass."
Bridgeport Correctional Center,365,"Bridgeport, Conn."
Oklahoma County Jail,365,"Oklahoma City, Okla."
Barbara Ester Unit prison,364,"Pine Bluff, Ark."
Lincoln Correctional Center,364,"Lincoln, Ill."
Columbia Correctional Institution,364,"Portage, Wis."
Greenville County Detention Center,363,"Greenville, S.C."
Penitentiary of New Mexico,361,"Santa Fe, N.M."
Butte County Jail,361,"Oroville, Calif."
Talladega federal prison,361,"Talladega, Ala."
Georgia Diagnostic and Classification prison,360,"Jackson, Ga."
Montgomery County jail,360,"Conroe, Texas"
New Haven Correctional Center,359,"New Haven, Conn."
Hennepin County jail,359,"Minneapolis, Minn."
Gulf Correctional Institution,358,"Wewahitchka, Fla."
Lawtey Correctional Institution,358,"Lawtey, Fla."
Illinois River Correctional Center,358,"Canton, Ill."
Howard County jail,358,"Kokomo, Ind."
Washington County jail,356,"Fayetteville, Ark."
Gregg County jail,356,"Longview, Texas"
Pine Bluff prison,355,"Pine Bluff, Ark."
Fairton federal prison,355,"Fairton, N.J."
State Correctional Institution at Rockview,352,"Benner Township,, Pa."
Leon County jail,352,"Tallahassee, Fla."
State Correctional Institution at Greene,351,"Waynesburg, Pa."
Northeast Oklahoma Correctional Center,350,"Vinita, Okla."
Kern County jail,350,"Bakersfield, Calif."
Yakima County jail,350,"Yakima, Wash."
Jefferson Correctional Institution,349,"Monticello, Fla."
Elayn Hunt Correctional Center,349,"Saint Gabriel, La."
Miami Correctional Facility,348,"Bunker Hill, Ind."
Denton County jail,348,"Denton, Texas"
Milan federal prison,346,"Milan, Mich."
Southern New Mexico Correctional Facility,345,"Las Cruces, N.M."
Rufus H. Duncan Geriatric Facility prison,345,"Diboll, Texas"
Randall L. Williams Correctional Facility,344,"Pine Bluff, Ark."
Cascade County Detention Facility,344,"Great Falls, Mont."
Chesapeake City jail,344,"Chesapeake, Va."
Arizona State Prison Complex – Perryville,343,"Goodyear, Ariz."
L.V. Hightower Unit prison,343,"Denley, Texas"
Bucks County jail,343,"Doylestown, Pa."
Marion County Jail,339,"Ocala, Fla."
Farmville ICE facility,339,"Farmville, Va."
Plymouth County jail,338,"Plymouth, Mass."
Warren County Regional Jail,337,"Bowling Green, Ky."
San Diego County Jail,336,"San Diego, Calif."
Chippewa Valley Correctional Treatment Facility,335,"Chippewa Falls, Wis."
Lewisburg federal prison,335,"Lewisburg, Pa."
Crossroads Correctional Center,333,"Shelby, Mont."
Franklin Correctional Facility,333,"Malone, N.Y."
Santa Barbara County jail,333,"Santa Barbara, Calif."
Mabel Bassett Correctional Center,332,"McLoud, Okla."
Weber County jail,332,"Ogden, Utah"
Pamunkey Regional Jail,332,"Hanover, Va."
Joe F. Gurney Transfer Facility prison,331,"Palestine, Texas"
Century Regional Detention Facility,331,"Lynwood, Calif."
Toledo Correctional Institution,330,"Toledo, Ohio"
Avery Mitchell Correctional Institution,329,"Ingalls, N.C."
Belmont Correctional Institution,328,"Saint Clairsville, Ohio"
Joseph Harp Correctional Center,328,"Lexington, Okla."
Deer Ridge Correctional Institution,328,"Madras, Ore."
Wayne County jails,328,"Detroit, Mich."
Port Isabel ICE facility,328,"Los Fresnos, Texas"
Beckley federal prison,328,"Beaver, W.Va."
Liberty Correctional Institution,327,"Bristol, Fla."
Iowa State Penitentiary,327,"Fort Madison, Iowa"
Alexander Correctional Institution,327,"Taylorsville, N.C."
Westchester County jail,327,"Valhalla, N.Y."
Western Illinois Correctional Center,326,"Mount Sterling, Ill."
Cotulla prison transfer facility,326,"Cotulla, Texas"
Dublin federal prison,326,"Dublin, Calif."
Pender Correctional Institution,325,"Burgaw, N.C."
Union Correctional Institution,323,"Raiford, Fla."
Moberly Correctional Center,323,"Moberly, Mo."
Thomas R. Havins Unit prison,323,"Brownwood, Texas"
Torres Unit prison,323,"Hondo, Texas"
Grafton Correctional Institution,322,"Grafton, Ohio"
Branchville Correctional Facility,321,"Branchville, Ind."
Dade Correctional Institution,317,"Florida City, Fla."
Forsyth County Detention Center,317,"Winston-Salem, N.C."
Guadalupe County Correctional Facility,315,"Santa Rosa, N.M."
Hardeman County Correctional Facility,315,"Whiteville, Tenn."
Noble Correctional Institution,314,"Caldwell, Ohio"
Jackie Brannon Correctional Center,314,"McAlester, Okla."
Choice Moore Transfer Facility,314,"Bonham, Texas"
Stringfellow Unit prison,314,"Rosharon, Texas"
Dane County jail,314,"Madison, Wis."
Taylor County Adult Detention Facility,313,"Abilene, Texas"
Central Regional Jail and Correctional Facility,313,"Suton, W.Va."
Formby State Jail,312,"Plainview, Texas"
Avon Park Correctional Institution,311,"Avon Park, Fla."
Price Daniel Unit prison,311,"Snyder, Texas"
Contra Costa County Jail,311,"Martinez, California"
Maryland Correctional Institution - Jessup,308,"Jessup, Md."
Edna Mahan Correctional Facility for Women,307,"Clinton, N.J."
North Dakota State Penitentiary,307,"Bismarck, N.D."
Missouri Eastern Correctional Center,306,"Pacific, Mo."
Larch Corrections Center,306,"Yacolt, Wash."
Allen Correctional Center,305,"Kinder, La."
SeaTac federal prison,305,"Seattle, Wash."
Old Colony Correctional Center,303,"Bridgewater, Mass."
Herlong federal prison,303,"Herlong, Calif."
Shelby County jail,302,"Memphis, Tenn."
Williamsburg federal prison,302,"Salters, S.C."
D. Ray James federal prison,301,"Folkston, Ga."
Winn ICE facility,300,"Winnfield, La."
Jackson Correctional Institution,299,"Malone, Fla."
Ely State Prison,298,"Ely, Nev."
Minnesota Correctional Facility – Rush City,297,"Rush City, Minn."
Wyoming Correctional Facility,297,"Attica, N.Y."
Lebanon Correctional Institution,296,"Lebanon, Ohio"
Kane County jail,296,"St. Charles, Ill."
Stewart Training Facility prison,293,"Carson City, Nev."
Oregon State Correctional Institution,292,"Salem, Ore."
Mobile County Metro Jail,292,"Mobile, Ala."
Atlanta federal prison,292,"Atlanta, Ga."
Purgatory Correctional Facility,289,"Hurricane, Utah"
Edgefield federal prison,289,"Edgefield, S.C."
James Byrd Unit prison,288,"Huntsville, Texas"
J. W. Hamilton Unit prison,287,"Bryan, Texas"
Glen Ray Goodman Transfer Facility prison,286,"Jasper, Texas"
Polk Correctional Institution,285,"Polk City, Fla."
Lorain Correctional Institution,285,"Lorain, Ohio"
George W. Hill Correctional Facility,285,"Thornton, Pa."
Morgantown federal prison,285,"Morgantown, W.Va."
Stanislaus County Jail,284,"Modesto, Calif."
Twin Falls County jail,284,"Twin Falls, Idaho"
Northeast Ohio Correctional Center,283,"Youngstown, Ohio"
Columbia River Correctional Institution,283,"Portland, Ore."
Greene County jail,283,"Springfield, Mo."
McCreary federal prison,283,"Pine Knot, Ky."
Garza West Transfer Facility prison,282,"Beeville, Texas"
John E. Polk Correctional Facility,282,"Sanford, Fla."
Eastern Regional Jail and Correctional Facility,282,"Martinsburg, W.Va."
North Central Regional Correctional Facility And Jail,282,"Pennsboro, W.Va."
Attica Correctional Facility,281,"Attica, N.Y."
Lumberton Correctional Institution,281,"Lumberton, N.C."
Gib Lewis Unit prison,281,"Woodville, Texas"
Robert E. Ellsworth Correctional Center,281,"Union Grove, Wis."
Highway 6 Jail,281,"Waco, Texas"
Riverside Regional Jail,280,"North Prince George, Va."
Desoto Annex prison,279,"Arcadia, Fla."
Minnesota Correctional Facility – Moose Lake,279,"Moose Lake, Minn."
Danbury federal prison,279,"Danbury, Conn."
Quehanna Motivational Boot Camp,278,"Karthaus, Pa."
Hudson County jail,278,"Kearny, N.J."
Lubbock County Jail,278,"Lubbock, Texas"
Work Site – Sacramento County,277,"Sacramento, Calif."
Centralia Correctional Center,277,"Centralia, Ill."
Roswell Correctional Center,277,"Hagerman, N.M."
Richard P. LeBlanc Unit prison,277,"Beaumont, Texas"
Boyd County jail,276,"Catlettsburg, Ky."
Montgomery ICE Processing Center,275,"Conroe, Texas"
Potosi Correctional Center,274,"Mineral Point, Mo."
Western Tidewater Regional Jail,274,"Suffolk, Va."
Burnet County Jail,273,"Burnet, Texas"
Camden County jail,272,"Camden, N.J."
Norfolk County jail,271,"Dedham, Mass."
Adelanto ICE Processing Center,271,"Adelanto, Calif."
Apalachee Correctional Institution,270,"Sneads, Fla."
Florida State Prison,270,"Railford, Fla."
Chesapeake Detention Facility,270,"Baltimore, Md."
Morgan County Correctional Complex,270,"Wartburg, Tenn."
Collin County Jail,270,"McKinney, Texas"
Tulare County jail,269,"Visalia, Calif."
Pocahontas State Correctional Center,268,"Pocahontas, Va."
King County Jail and Maleng Justice Center,268,"Seattle, Wash."
Correctional Alternative Placement Program facility,267,"Treasure Valley Community Reentry Center, Idaho"
North Central Correctional Complex,267,"Marion, Ohio"
Clay County Jail,267,"Green Cove Springs, Fla."
Blackburn Correctional Complex,266,"Fayette County, Ky."
Johnson Correctional Center,266,"Alvin, Okla."
Stevens Correctional Center/McDowell County Corrections,266,"Welch, W.Va."
Richland Correctional Institution,265,"Mansfield, Ohio"
Gadsden Re-Entry Center prison,263,"Havana, Fla."
Lake County Jail,263,"Taveres, Fla."
Charleston County jail,263,"North Charleston, S.C."
B.B. Rayburn Correctional Center,262,"Washington Parish, La."
Kenosha County jail,262,"Kenosha, Wis."
Big Sandy federal prison,262,"Inez, Ky."
Tomoka Correctional Institution,261,"Daytona Beach, Fla."
Lakin Correctional Center,261,"West Columbia, W.Va."
Bristol County jail,261,"North Dartmouth, Mass."
Zephyrhills Correctional Institution,260,"Zephyrhills, Fla."
Yuma County jail,260,"Yuma, Ariz."
Marion County Jail 1,260,"Indianapolis, Ind."
Baskerville Correctional Center,259,"Baskerville, Va."
South Texas Family Residential ICE facility,258,"Dilley, Texas"
Limestone Correctional Facility,257,"Harvest, Ala."
Baraga Correctional Facility,256,"Baraga, Mich."
Western New Mexico Correctional Facility,256,"Grants, N.M."
Perry Correctional Facility,254,"Pelzer, S.C."
William R. Boyd Unit prison,254,"Teague, Texas"
Skyview Unit prison,254,"Rusk, Texas"
Centennial Correctional Facility,253,"Cañon City, Colo."
York Correctional Institution,253,"Niantic, Conn."
Calhoun Correctional Institution,253,"Blountstown, Fla."
Pendleton Correctional Facility,253,"Pendleton, Ind."
Boonville Correctional Center,253,"Boonville, Mo."
Southeastern Correctional Institution,252,"Hocking Township, Ohio"
State Correctional Institution at Pine Grove,252,"Pine Grove, Pa."
Green Rock Correctional Center,252,"Chatham, Va."
Broward ICE Transitional Center,252,"Pompano Beach, Fla."
J. Reuben Long Detention Center,251,"Conway, S.C."
Lois M. DeBerry Special Needs Facility prison,250,"Nashville, Tenn."
Pinellas County Jail,250,"Clearwater, Fla."
Alexandria ICE staging facility,250,"Alexandria, La."
Livesay Correctional Institution,249,"Spartanburg, S.C."
Otay Mesa ICE facility,249,"San Diego, Calif."
MacDougall-Walker Infirmary,248,"Suffield, Conn."
Essex County jail,248,"Newark, N.J."
State Correctional Institution at Frackville,247,"Frackville, Pa."
Maryland Correctional Institution - Hagerstown,246,"Hagerstown, Md."
Escambia County Jail,246,"Pensacola, Fla."
Arizona State Prison Complex – Winslow,245,"Winslow, Ariz."
Colorado State Penitentiary,244,"Cañon City, Colo."
Plainfield Correctional Facility,244,"Plainfield, Ind."
Northeast Correctional Center,244,"Bowling Green, Mo."
Woodbourne Correctional Facility,244,"Woodbourne, N.Y."
Dr. Lane Murray Unit prison,244,"Gatesville, Texas"
Bullock Correctional Facility,242,"Bessemer, Ala."
Omega Technical Violator Center prison,242,"Malvern, Ark."
Saint Charles Parish jail,242,"Killona, Louisiana"
Albany County jail,242,"Albany, N.Y."
Krome North ICE Service Processing Center,242,"Miami, Fla."
Houston federal prison,242,"Houston, Texas"
Western Regional Jail and Correctional Facility,241,"Charleston, W.Va."
Correctional Industrial Facility,240,"Pendleton, Ind."
Trumbull Correctional Institution,240,"Leavittsburg, Ohio"
Rapid City Community Work Center,240,"Rapid City, S.D."
Massachusetts Treatment Center prison,239,"Bridgewater, Mass."
Howard McLeod Correctional Center,239,"Atoka, Okla."
Tuscaloosa County Jail,239,"Tuscaloosa, Ala."
Coffee Correctional Facility,238,"Nicholls, Ga."
Tipton Correctional Center,238,"Tipton, Mo."
State Correctional Institution at Mercer,238,"Mercer, Pa."
Okaloosa County jail,238,"Crestview, Fla."
Wyoming Honor Farm,237,"Riverton, Wyo."
Saint Clair County Jail,237,"Belleville, Ill."
Chatham County jail,236,"Savannah, Ga."
Hiland Mountain Correctional Center,235,"Eagle River, Alaska"
George-Greene County/Regional Correctional Facility,235,"Lucedale, Miss."
Jameson Annex,235,"Sioux Falls, S.D."
Duluth federal prison,235,"Duluth, Minn."
Moore Haven Correctional Facility,234,"Moore Haven, Fla."
Nebraska State Penitentiary,234,"Lincoln, Neb."
Bland Correctional Center,234,"Bland, Va."
Land O' Lakes Detention Center,234,"Land O' Lakes, Fla."
Maximum Security Unit prison,233,"England, Ark."
Bare Hill Correctional Facility,233,"Malone, N.Y."
Donald W. Wyatt Detention Center,233,"Central Falls, R.I."
Genesee County Jail,233,"Flint, Mich."
Richmond jail,233,"Richmond, Va."
Massachusetts Correctional Institution-Cedar Junction,232,"Walpole, Mass."
London Correctional Institution,232,"London, Ohio"
Roanoke City Jail,231,"Roanoke, Va."
Milwaukee Secure Detention Facility,230,"Milwaukee, Wis."
Bennettsville federal prison,230,"Bennettsville, S.C."
Holmes Correctional Institution,229,"Bonifay, Fla."
Three Lakes Valley Conservation Camp prison,228,"Indian Springs, Nev."
Waiawa Correctional Facility,227,"Waipahu, Hawaii"
Okeechobee Correctional Institution,226,"Okeechobee, Fla."
Caledonia Correctional Institution,226,"Halifax, N.C."
Northampton County jail,226,"Easton, Pa."
Bibb Correctional Facility,225,"Brent, Ala."
Joe Ney State Jail,225,"Hondo, Texas"
Main Detention Center,225,"West Palm Beach, Fla."
Multnomah County Inverness Jail,225,"Portland, Ore."
Hidalgo County Jail,225,"Edinburg, Texas"
South Central Correctional Center,224,"Licking, Mo."
Greene Correctional Facility,224,"Coxsackie, N.Y."
Blair County jail,224,"Hollidaysburg, Pa."
Hardee Correctional Institution,223,"Bowling Green, Fla."
Turney Center Industrial prison complex,223,"Clifton, Tenn."
Coconino County jails,223,"Flagstaff, Ariz."
Ozark Correctional Center,222,"Fordland, Mo."
Marion County Jail 2,222,"Indianapolis, Ind."
Brazoria County Jail,222,"Angleton , Texas"
Williamson County Jail,221,"Georgetown, Texas"
Bell County Forestry Camp,220,"Bell County, Ky."
Northeast New Mexico Correctional Facility,219,"Clayton, N.M."
Saint Lucie County Jail,219,"Fort Pierce, Fla."
Luzerne County jail,219,"Wilkes-Barre, Pa."
Lynchburg Adult Detention Center,219,"Lynchburg, Va."
McLennan County State Juvenile Correctional Facility,218,"Mart, Texas"
Wyoming Honor Conservation Camp,217,"Newcastle, Wyo."
Lexington Assessment and Reception Center prison,216,"Lexington, Okla."
Alamance County Detention Center,216,"Graham, N.C."
Onondaga County jail,214,"Syracuse, N.Y."
Cambria County jail,214,"Ebensburg, Pa."
San Joaquin County Jail,213,"French Camp, Calif."
Marion County jail,213,"Lebanon, Ky."
Hays County Jail,213,"San Marcos, Texas"
Blackwater River Correctional Facility,211,"Milton, Fla."
Sarasota County Jail,211,"Sarasota, Fla."
Oakland County Jail,211,"Pontiac, Mich."
Benton Unit prison,209,"Benton, Ark."
Central Arkansas Community Correction Center,209,"Little Rock, Ark."
San Francisco County jail,209,"San Francisco, Calif."
Madison Correctional Institution,208,"Madison, Fla."
Vienna Correctional Center,208,"Vienna, Ill."
Algoa Correctional Center,208,"Jefferson City, Mo."
Polk Correctional Institution,208,"Butner, N.C."
"Maryland Reception, Diagnostic and Classification Center prison",207,"Baltimore, Md."
Dayton Correctional Institution,207,"Dayton, Ohio"
Northern Regional Jail,207,"Moundsville, W.Va."
Karnes County Residential ICE facility,207,"Karnes City, Texas"
North Idaho Correctional Institution,206,"Cottonwood, Idaho"
Gouverneur Correctional Facility,205,"Gouverneur, N.Y."
State Correctional Institution at Fayette,205,"LaBelle, Pa."
Mount Olive Correctional Center,205,"Mount Olive, W.Va."
Comanche County Detention Center,205,"Lawton, Okla."
Manning Correctional Institution,204,"Columbia, S.C."
Benton County jail,204,"Bentonville, Ark."
Alachua County jail,204,"Gainesville, Fla."
Hyde Correctional Institution,203,"Swanquarter, N.C."
Giddings State School,203,"Giddings, Texas"
Northern State Correctional Facility,203,"Newport, Vt."
Fort Bend County Jail,203,"Richmond, Texas"
Muscogee County jail,202,"Columbus, Ga."
Sussex II State Prison,201,"Waverly, Va."
Casa Grande Transitional prison housing,200,"Las Vegas, Nev."
Galveston prison hospital,200,"Galveston, Texas"
Washington County jail,200,"Hagerstown, Md."
Erie County jail,200,"Alden, N.Y."
Houston ICE facility,200,"Houston, Texas"
Northwest New Mexico Correctional Center,199,"Grants, N.M."
Linda Woodman State Jail,199,"Gatesville, Texas"
Gwinnett County jail,199,"Lawrenceville, Ga."
Luna County Detention Center,199,"Deming, N.M."
Prince William – Manassas Regional Adult Detention Center,199,"Manassas, Va."
Sampson Correctional Institution,198,"Clinton, N.C."
Walker Sayle Unit prison,197,"Breckenridge, Texas"
Cleveland County Detention Center,197,"Norman, Okla."
Moshannon Valley federal prison,197,"Philipsburg, Pa."
Yankton Community Work Center,196,"Yankton, S.D."
Racine Youthful Offender Correctional Facility,196,"Racine, Wis."
Lafayette Parish jail,196,"Lafayette, Louisiana"
Montgomery County jail,196,"Dayton, Ohio"
Rock County jail,196,"Janesville, Wis."
Delta Correctional Center,195,"Delta, Colo."
Sumter Correctional Institution,195,"Bushnell, Fla."
Bay County Jail,195,"Panama City, Fla."
Warren Correctional Institution,194,"Lebanon, Ohio"
Sussex I State Prison,193,"Waverly, Va."
Daviess County jail,192,"Owensboro, Ky."
Livingston Parish jail,192,"Livingston, La."
Rio Grande ICE facility,192,"Laredo, Texas"
Jim Rudd Transfer Facility prison,191,"Brownfield, Texas"
Wende Correctional Facility,190,"Alden, N.Y."
Lancaster Correctional Institution,189,"Trenton, Fla."
Mid-State Correctional Facility,189,"Wrightstown, N.J."
Ross Correctional Institution,189,"Chillicothe, Ohio"
El Valle ICE facility,189,"Raymondville, Texas"
Patuxent Institution,188,"Jessup, Md."
Glades County ICE facility,188,"Moore Haven, Fla."
Groveland Correctional Facility,187,"Groveland, N.Y."
Craggy Correctional Center,187,"Asheville, N.C."
Jerry H. Hodge Unit prison,187,"Rusk, Texas"
Brazos County jail,187,"Bryan, Texas"
New River Valley Regional Jail,187,"Dublin, Va."
Aurora ICE facility,187,"Aurora, Colo."
Yukon Kuskokwim Correctional Center,186,"Bethel, Alaska"
Springer Correctional Center,186,"Springer, N.M."
Lake Correctional Institution,185,"Clermont, Fla."
Hutchins State Jail,185,"Dallas, Texas"
Tallahatchie County Correctional Facility,185,"Tutwiler , Miss."
Cook County juvenile hall,185,"Chicago, Ill."
Ray Brook federal prison,185,"Ray Brook, N.Y."
Minnesota Correctional Facility – Oak Park Heights,184,"Oak Park Heights, Minn."
Sonoma County jail,184,"Santa Rosa, Calif."
David Wade Correctional Center,183,"Claiborne Parish, La."
Mountain View Correctional Institution,183,"Spruce Pine, N.C."
O.L. Luther Unit prison,183,"Navasota, Texas"
Norfolk City Jail,183,"Norfolk, Va."
Indiana State Prison,182,"Michigan City, Ind."
Cayuga Correctional Facility,182,"Moravia, N.Y."
Pulaski State Prison,181,"Hawkinsville, Ga."
Carole S. Young prison medical facility,181,"Dickinson, Texas"
Yankton federal prison camp,181,"Yankton, S.D."
Glynn County Detention Center,180,"Brunswick, Ga."
Lieber Correctional Institution,179,"Ridgeville, S.C."
Muskogee County Jail,179,"Muskogee, Okla."
Amherst County Adult Detention Center,179,"Madison Heights, Va."
James Bradshaw State Jail,178,"Henderson, Texas"
Las Vegas jail,178,"Las Vegas, Nev."
Alger Correctional Facility,177,"Munising, Mich."
Texarkana Regional Correction Center,176,"Texarkana, Ark."
Garner Correctional Institution,176,"Newtown, Conn."
Coastal State Prison,176,"Garden City, Ga."
Wake County Detention Center,176,"Raleigh, N.C."
Jack Harwell Detention Center,176,"Waco, Texas"
Indiana Women's Prison,174,"Indianapolis, Ind."
Coxsackie Correctional Facility,173,"Coxsackie, N.Y."
Jerome Combs Detention Center,173,"Kankakee, Ill."
Grand Forks jail,173,"Grand Forks, N.D."
Wheeler Correctional Facility,172,"Alamo, Ga."
Virginia Peninsula Regional Jail,172,"Williamsburg, Va."
Vista Detention Facility,172,"Vista, Calif."
Mesa County Jail,172,"Grand Junction, Colo."
Chaves County Detention Center,172,"Roswell, N.M."
Hampton Roads Regional Jail,172,"Portsmouth, Va."
Virginia Peninsula Regional Jail,172,"Williamsburg, Va."
Mohawk Correctional Facility,171,"Rome, N.Y."
Tecumseh State Correctional Institution,170,"Tecumseh, Neb."
Columbus Correctional Institution,170,"Whiteville, N.C."
Adams County jail,170,"Brighton, Colo."
Galveston County Jail,170,"Galveston, Texas"
Maryland Correctional Institution for Women,169,"Jessup, Md."
Riverbend Maximum Security Institution,169,"Nashville, Tenn."
Buster Cole State Jail,169,"Bonham, Texas"
Rutherford County Jail,169,"Murfreesboro, Tenn."
Nacogdoches County Jail,168,"Nacogdoches, Texas"
Great Plains federal prison,168,"Hinton, Okla."
Green Haven Correctional Facility,167,"Beekman, N.Y."
Mountain View Unit prison,167,"Gatesville, Texas"
Wyoming Medium Correctional Institution,167,"Torrington, Wyo."
San Saba Transfer Facility,166,"San Saba, Texas"
Citrus County Detention Facility,166,"Lecanto, Fla."
Henry County jail,166,"McDonough, Ga."
Dorsey Run Correctional Facility,165,"Jessup, Md."
Saint Clair Correctional Facility,164,"Springville, Ala."
Phillips State Prison,164,"Buford, Ga."
Madison Correctional Facility,164,"Madison, Ind."
Maine Correctional Center,164,"Windam, Maine"
Northern New Hampshire Corrections Facility,164,"Berlin, N.H."
Marlin Transfer Facility,164,"Marlin, Texas"
Great Meadow Correctional Facility,163,"Comstock, N.Y."
Middlesex jail,163,"Billerica, Mass."
Clara Waters Community Corrections Center,162,"Oklahoma City, Okla."
Denver County jail,162,"Denver, Colo."
Washoe County jail,162,"Reno, Nev."
Kane County Jail,162,"Kanab, Utah"
Adams County ICE facility,162,"Natchez, Miss."
Dolph Briscoe Unit prison,161,"Dilley, Texas"
Riverview Correctional Facility,160,"Ogdensburg, N.Y."
James Lynaugh Unit,160,"Fort Stockton, Texas"
Scotts Bluff County Jail,160,"Gering, Neb."
Baltimore County jail,159,"Towson, Md."
Alvin S. Glenn Detention Center,159,"Columbia, S.C."
Gadsden Correctional Facility,158,"Quincy, Fla."
Baltimore City Correctional Center,158,"Baltimore, Md."
Central Maryland Correctional Facility,158,"Baltimore, Md."
Central Prison,158,"Raleigh, N.C."
Central Juvenile Hall,158,"Los Angeles, Calif."
Ingham County jail,158,"Mason, Mich."
Brookyln Correctional Center,157,"Brooklyn, Conn."
Johnson State Prison,157,"Wrightsville, Ga."
Prince George's County jail,157,"Upper Marlboro, Md."
Chesterfield County Jail,157,"Chesterfield, Va."
Fishkill Correctional Facility,156,"Fishkill, N.Y."
Lucas County jail,156,"Toledo, Ohio"
North Lake federal prison,156,"Baldwin, Mich."
Scott Unit prison,155,"Angleton, Texas"
Prairieland ICE facility,155,"Alvarado, Texas"
Fairbanks Correctional Center,154,"Fairbanks, Alaska"
New River Correctional Institution,154,"Raiford, Fla."
Lee Arrendale State Prison,154,"Alto, Ga."
Franklin Correctional Center,154,"Bunn, N.C."
Ohio State Penitentiary,154,"Youngstown, Ohio"
Santiam Correctional Institution,153,"Salem, Ore."
Denver Women's Correctional Facility,152,"Denver, Colo."
Hancock State Prison,152,"Sparta, Ga."
Lake Erie Correctional Institution,152,"Conneaut, Ohio"
Kershaw Correctional Institution,152,"Kershaw, S.C."
Clemens Unit prison,152,"Brazoria, Texas"
East Baton Rouge Parish jail,152,"Baton Rouge, La."
Northeast Arkansas Community Corrections,151,"Osceola, Ark."
Niagara County jail,151,"Lockport, N.Y."
Putnam Correctional Institution,150,"East Palatka, Fla."
Omaha Correctional Center,150,"Omaha, Neb."
Valley Street Jail,150,"Manchester, N.H."
Santa Fe County Adult Correctional Facility,150,"Santa Fe, N.M."
Valdosta State Prison,149,"Valdosta, Ga."
Southwestern Illinois Correctional Center,149,"East Saint Louis, Ill."
Anson Correctional Institution,149,"Polkton, N.C."
Garza East Transfer Facility prison,149,"Beeville, Texas"
Cecil County jail,149,"Elkton, Md."
Centre County jail,149,"Bellefonte, Pa."
Mid-State Correctional Facility,148,"Marcy, N.Y."
Camille Graham Correctional Institute,148,"Columbia, S.C."
Strafford County House of Corrections,148,"Dover, N.H."
Maury Correctional Institution,147,"Maury, N.C."
Mendocino County Jail,147,"Ukiah, Calif."
Clark County Jail,147,"Vancouver, Wash."
New Hanover Correctional Center,146,"Wilmington, N.C."
Brevard County jail,146,"Cocoa, Fla."
Halifax Correctional Unit,145,"South Boston, Va."
Bergen County Jail,145,"Hackensack, N.J."
Wake Correctional Center,144,"Raleigh, N.C."
Lockhart Correctional Facility,143,"Lockhart, Texas"
Nidorf Juvenile Hall,143,"Sylmar, Calif."
Macomb County jail,143,"Mount Clemens, Mich."
Civil Commitment Unit for Sexual Offenders,142,"Cherokee, Iowa"
Ellen Halbert Unit prison,142,"Burnet, Texas"
Calhoun County Jail,142,"Battle Creek, Mich."
Montana Women's Prison,141,"Billings, Mont."
Saint Tammany Parish jail,141,"Covington, Louisiana"
Cumberland County Jail,141,"Fayetteville, N.C."
Chester County jail,141,"West Chester, Pa."
Blount County jail,141,"Maryville, Tenn."
Ector County Detention Center,141,"Odessa, Texas"
Women's Therapeutic Residential Center prison,140,"Henning, Tenn."
Curry County Adult Detention Centers,140,"Clovis, N.M."
Fort Stockton Transfer Facility prison,139,"Fort Stockton, Texas"
Marshall County jail,139,"Plymouth, Ind."
Woodland Center Correctional Facility,138,"Whitmore Lake, Mich."
Harrison County jail,138,"Gulfport, Miss."
Saint Anthony Work Camp,137,"St. Anthony, Idaho"
Evins Regional Juvenile Center,137,"Edinburg, Texas"
Johnson County jail,137,"Franklin, Ind."
Saint Louis County jail,136,"Clayton, Mo."
Mack Alford Correctional Center,135,"Stringtown, Okla."
Stevenson Unit prison,135,"Cuero, Texas"
Rappahannock Shenandoah Warren Regional Jail,135,"Front Royal, Va."
Montgomery federal prison camp,135,"Montgomery, Ala."
Autry State Prison,134,"Pelham, Ga."
Decatur Correctional Center,134,"Decatur, Ill."
Boyle County Jail,134,"Danville, Ky."
Val Verde County Jail,134,"Del Rio, Texas"
Danville City Jail,134,"Danville, Va."
J.B. Wheeler State Jail,133,"Plainview, Texas"
Bartholomew County jail,133,"Columbus, Ind."
Tippecanoe County jail,133,"Lafayette, Ind."
Southwest Arkansas Community Correction Center,132,"Texarkana, Ark."
Gowanda Correctional Facility,132,"Collins, N.Y."
Lee Correctional Institution,132,"Bishopville, S.C."
Barren County jail,132,"Glasgow, Ky."
Jackson County jail,132,"Kansas City, Mo."
Tutwiler women's prison,131,"Wetumpka, Ala."
Johnston Correctional Institution,131,"Smithfield, N.C."
Yellowstone County Detention Facility,131,"Billings , Mont."
Arkansas Juvenile Assessment and Treatment Center,130,"Alexander, Ark."
Hilltop Unit prison,130,"Gatesville, Texas"
Charles B. Webster Detention Center,130,"Augusta, Ga."
Lake County jail,130,"Crown Point, Ind."
Wilson County Jail,130,"Lebanon, Tenn."
East Boise Community Work Center,129,"Boise, Idaho"
Trenton Correctional Facility,129,"Trenton, S.C."
Huttonsville Correctional Center,129,"Huttonsville, W.Va."
Pike County jail,129,"Lords Valley, Pa."
Peoria County Jail,129,"Peoria, Ill."
Midland County Detention Center,129,"Midland, Texas"
Richwood ICE facility,129,"Monroe, La."
Massachusetts Correctional Institution- Framingham,128,"Framingham, Mass."
Forsyth Correctional Center,128,"Winston-Salem, N.C."
Dalhart Unit prison,128,"Dalhart, Texas"
Northern Correctional Facility,128,"Moundsville, W.Va."
Lane County jail,128,"Eugene, Ore."
Vigo County Jail,127,"Terre Haute, Ind."
Valencia County Adult Detention Center,127,"Los Lunas, N.M."
Pennington County jail,127,"Rapid City, S.D."
Florence McClure Women's Correctional Center,126,"North Las Vegas, Nev."
Auburn Correctional Facility,126,"Auburn, N.Y."
San Luis Obispo County Jail,126,"San Luis Obispo, Calif."
La Porte County jail,126,"La Porte, Ind."
Washington County Justice Center,125,"Akron, Colo."
Shawnee County jail,125,"Topeka, Kan."
Clinton County jail,125,"McElhattan, Pa."
Aliceville federal prison,125,"Aliceville, Ala."
Lunenburg Correctional Center,124,"Victoria, Va."
Athens-Clarke County jail,124,"Athens, Ga."
Robertson County Detention Facility,124,"Springfield, Tenn."
Ventress Correctional Facility,123,"Clayton, Ala."
Carroll-Montgomery County/Regional Correctional Facility,123,"Vaiden, Miss."
Sioux Falls Community Work Center prison,123,"Sioux Falls, S.D."
Collins Correctional Facility,122,"Town of Collins, N.Y."
Draper Correctional Facility,121,"Elmore, Ala."
Lake City Correctional Facility,121,"Lake City, Fla."
Pierre Community Work Release Center,121,"Pierre, S.D."
East Mesa Reentry Facility,121,"San Diego, Calif."
Collier County jails,121,"Naples, Fla."
Lake County jail,121,"Waukegan, Ill."
Davis County Jail,121,"Farmington, Utah"
Bryan federal prison camp,121,"Bryan, Texas"
New York Metropolitan Correctional Center federal prison,121,"New York, N.Y."
Loxley prison,120,"Loxley, Ala."
Staton Correctional Facility,120,"Elmore, Ala."
Delores J. Baylor Women's Correctional Institution,120,"New Castle, Del."
Greene Correctional Institution,120,"Maury, N.C."
Evans Correctional Institution,120,"Bennettsville, S.C."
Marion Correctional Treatment Center,120,"Marion, Va."
Will County jail,120,"Joliet, Ill."
Worcester County jail,120,"West Boylston, Mass."
Randolph County Detention Center,120,"Asheboro, N.C."
Florence ICE facility,120,"Florence, Ariz."
Easterling Correctional Facility,119,"Cilo, Ala."
McLaughlin Youth Center facility,119,"Anchorage, Alaska"
Red Rock Correctional Facility,119,"Eloy, Ariz."
Pendleton Juvenile Correctional Facility,119,"Pendleton, Ind."
Imperial County jail,119,"El Centro, Calif."
Ordnance Road jail,119,"Glen Burnie, Md."
Detention Center 1 and 2,119,"Brownsville, Texas"
Catahoula ICE facility,119,"Harrisonburg, La."
Charlotte Correctional Institution,118,"Punta Gorda, Fla."
Dan River Prison Work Farm,118,"Blanch, N.C."
Ron Jackson State Juvenile Correctional Complex,118,"Brownwood, Texas"
Hinds County jail,118,"Raymond, Miss."
Buffalo ICE Service Processing Center,118,"Batavia, N.Y."
Sheridan federal prison,118,"Sheridan, Ore."
North Alabama prison,117,"Decatur, Ala."
Bainbridge Probation Sustance Abuse Treatment Center prison,117,"Bainbridge, Ga."
Walton County Jail,117,"DeFuniak Springs, Fla."
Jackson Parish ICE facility,117,"Jonesboro, La."
Marion Correctional Institution,116,"Marion, N.C."
Weld County Jail,116,"Greeley, Colo."
Chautauqua County Jail,116,"Mayville, N.Y."
Telfair State Prison,115,"Helena, Ga."
Lawrenceville Correctional Center,115,"Lawrenceville, Va."
Woodbury County Jail,115,"Sioux City, Iowa"
Hart County jail,115,"Munfordville, Ky."
Dougherty County jail,114,"Albany, Ga."
Vermilion Parish jail,114,"Abbeville, Louisiana"
Mendota federal prison,114,"Mendota, Calif."
Caswell Correctional Center,113,"Blanch, N.C."
Hall County Jail,113,"Gainesville, Ga."
Franklin County Regional Jail,113,"Frankfort, Ky."
Nashua Street Jail,113,"Boston, Mass."
Cumberland County Jail,113,"Bridgeton, N.J."
Southern Regional Jail and Correctional Facility,113,"Beaver, W.Va."
Rutherford Correctional Center,112,"Spindale, N.C."
John R. Lindsey State Jail,112,"Jacksboro, Texas"
Manatee County Jail,112,"Palmetto, Fla."
Tom Green County Jail,112,"San Angelo, Texas"
Pulaski County ICE facility,112,"Ullin, Ill."
Lawton Correctional Facility,111,"Lawton, Okla."
LaRue County jail,111,"Hodgenville, Ky."
McKinley County Adult Detention Center,111,"Gallup, N.M."
Pioche Conservation Camp,110,"Pioche, Nev."
Indian Creek Correctional Center,110,"Chesapeake, Va."
Drug Abuse Correctional Center,110,"Oshkosh, Wis."
Kenton County jail,110,"Covington, Ky."
Mississippi State Penitentiary,109,"Parchman, Miss."
Pahrump jail,109,"Pahrump, Nev."
Wilcox State Prison,108,"Abbeville, Ga."
Morrison Correctional Institution,108,"Hoffman, N.C."
South Bay Detention Facility,108,"Chula Vista, Calif."
Larimer County Jail,108,"Fort Collins, Colo."
Kandiyohi County Jail,108,"Willmar, Minn."
Broome County jail,108,"Binghamton, N.Y."
South Central Regional Jail and Correctional Facility,108,"Charleston, W.Va."
Willard-Cybulski Correctional Institution,107,"Enfield, Conn."
Dooly State Prison,107,"Unadilla, Ga."
Pamlico Correctional Institution,107,"Bayboro, N.C."
Warner Creek Correctional Facility​,107,"Lakeview, Ore."
Turbeville Correctional Facility,107,"Turbeville, S.C."
Oliver J. Bell Unit prison,107,"Cleveland, Texas"
Morrow County jail,107,"Mount Gilead, Ohio"
Lycoming County jail,107,"Williamsport, Pa."
Wichita Work Release Facility prison,106,"Wichita, Kan."
Bridgeport Correctional Center,106,"Bridgeport, Texas"
Hamblen County Jail,106,"Morristown, Tenn."
Halifax County Adult Detention Center,106,"Halifax, Va."
Beauford H. Jester IV Unit prison,105,"Richmond, Texas"
Gainesville State School,105,"Gainesville, Texas"
Bingham County Jail,105,"Blackfoot, Idaho"
Marathon County jail,105,"Wausau, Wis."
Plummer Community Corrections Center,104,"Wilmington, Del."
Humboldt Conservation Camp prison,104,"Winnemucca, Nev."
Central Mississippi Correctional Facility,103,"Pearl, Miss."
Shawangunk Correctional Facility,103,"Shawangunk, N.Y."
Foothills Correctional Institution,103,"Morganton, N.C."
Northwest State Correctional Facility,103,"Swanton, Vt."
York County Detention Center,103,"York, S.C."
Macon State Prison,102,"Oglethorpe, Ga."
Florence ICE Service Processing Center,102,"Florence, Ariz."
Bertie Correctional Institution,101,"Windsor, N.C."
Missouri River Correctional Center,101,"Bismarck, N.D."
Madison County Jail,101,"Edwardsville, Ill."
Bourbon County jail,101,"Paris, Ky."
Lincoln County Detention Center,101,"Carrizozo, N.M."
New Hanover County Detention Facility,101,"Castle Hayne, N.C."
Mississippi County Work Release Center prison,100,"Luxora, Ark."
Virginia Correctional Center for Women,100,"Goochland, Va."
Harnett County Detention Center,100,"Lillington, N.C."
Monroe County jail,100,"Stroudsburg, Pa."
Giles W. Dalby federal prison,100,"Post, Texas"
Maryville Treatment Center prison,99,"Maryville, Mo."
Sullivan Correctional Facility,99,"Fallsburg, N.Y."
Eastern Correctional Institution,99,"Maury, N.C."
Bon Air Juvenile Correctional Center,99,"Richmond, Va."
Jefferson County Detention Facility,99,"Golden, Colo."
Houston County Detention Center,99,"Perry, Ga."
Walker State Prison,98,"Rock Spring, Ga."
Goodman Correctional Institution,98,"Columbia, S.C."
Ridgeland Correctional Facility,98,"Ridgeland, S.C."
Mark Luttrell Transition Center prison,98,"Memphis, Tenn."
Winnebago County Jail,98,"Rockford, Ill."
East Central Arkansas Community Correction Center-- Women's Unit,97,"West Memphis, Ark."
Okaloosa Correctional Institution,97,"Crestview, Fla."
Diagnostic & Evaluation Center prison,97,"Lincoln, Neb."
Whiteville Correctional Facility,97,"Whiteville, Tenn."
Northumberland County jail,97,"Coal Township, Pa."
Lexington County Detention Center,97,"Lexington, S.C."
Otisville federal prison,97,"Otisville, N.Y."
Ware State Prison,96,"Waycross, Ga."
Joe Kegans State Jail,96,"Houston, Texas"
Maui Community Correctional Center,96,"Wailuku, Hawaii"
Calhoun State Prison,95,"Morgan, Ga."
Southeast State Correctional Complex,95,"Wheelwright, Ky."
South Dakota Women's Prison,95,"Pierre, S.D."
Surry County Jail,95,"Dobson, N.C."
Winnebago County Jail,95,"Oshkosh, Wis."
Alex City Work Release prison,94,"Alex City, Ala."
Heritage Trail Correctional Facility,94,"Plainfield, Ind."
Marshall County Correctional Facillity,94,"Holly Springs, Miss."
Canadian County Detention Center,94,"El Reno, Okla."
Minnehaha County jail,94,"Sioux Falls, S.D."
Limestone County ICE facility,94,"Groesbeck, Texas"
Pensacola federal prison camp,94,"Pensacola, Fla."
Fayette County jail,93,"Uniontown, Pa."
Madison County jail,93,"Jackson, Tenn."
Henrico County Regional Jail East,93,"Barhamsville, Va."
LaSalle ICE Processing Center - Jena,93,"Jena, Ala."
Murphysboro Life Skills Re-Entry Center,92,"Murphysboro, Ill."
Ogdensburg Correctional Facility,92,"Ogdensburg, N.Y."
Davis Correctional Facility,92,"Holdenville, Okla."
Winnebago Correctional Center,92,"Winnebago, Wis."
Kansas Juvenile Correctional Complex,91,"Topeka, Kan."
Stark County jail,91,"Canton, Ohio"
Work Site – Los Angeles County,90,"Los Angeles County, Calif."
Treutlen Probation Detention Center,90,"Soperton, Ga."
Detroit Reentry Center prison,90,"Detroit, Mich."
Minnesota Correctional Facility – Willow River,90,"Willow River, Minn."
Clyde M. Johnston Unit prison,90,"Winnsboro, Texas"
Vance Unit prison,90,"Richmond, Texas"
Saginaw County Jail,90,"Saginaw, Mich."
Aiken County Detention Center,90,"Aiken, S.C."
Hamilton Aged and Infirmed prison,89,"Hamilton, Ala."
​Joliet Treatment Center,89,"Joliet, Ill."
Baltimore City Juvenile Justice Center,89,"Baltimore, Md."
Carlin Conservation Camp,89,"Carlin, Nev."
Powder River Correctional Facility,89,"Baker City, Ore."
Dearborn County Law Enforcement Center,89,"Lawrenceburg, Ind."
Potter County Detention Center,89,"Amarillo , Texas"
Central State Prison,88,"Macon, Ga."
Chain O'Lakes Correctional Facility,88,"Albion, Ind."
Powell County jail,88,"Stanton, Ky."
Racine County jail,88,"Racine, Wis."
DeKalb County Jail,87,"Fort Payne, Ala."
Mohave County jail,87,"Kingman, Ariz."
Bartow County jail,87,"Cartersville, Ga."
Bradley County jail,87,"Cleveland, Tenn."
Pine Prairie ICE Processing Center,87,"Pine Prairie, La."
Bleckley Probation Substance Abuse Treatment Center,86,"Cochran, Ga."
Worcester County Jail,86,"Snow Hill, Md."
Cattaraugus County Jail,86,"Little Valley, N.Y."
Washington County/Regional Correctional Facility,85,"Greenville, Miss."
Bedford Hills Correctional Facility,85,"Bedford, N.Y."
Pinal County jail,85,"Florence, Ariz."
Miller County Jail,85,"Texarkana, Ark."
Cass County Jail,85,"Fargo, N.D."
Portage County jail,85,"Ravenna, Ohio"
Coweta County prison,84,"Newnan, Ga."
Boys State Training School,84,"Eldora, Iowa"
Robeson prison,84,"Lumberton, N.C."
Red Onion State Prison,84,"Pound, Va."
Pottawattamie County Jail,84,"Council Bluffs, Iowa"
Chase County jail,84,"Cottonwood Falls, Kan."
Kootenai County Jail,84,"Coeur d'Alene, Idaho"
Lewis and Clark County Jail,84,"Helena, Mont."
Burlington County Jail,84,"Mount Holly, N.J."
Bowie County jail,84,"Texarkana, Texas"
Hays State Prison,83,"Trion, Ga."
Southport Correctional Facility,83,"Southport, N.Y."
Nassau County jail,83,"Yulee, Fla."
Advantage Treatment Center prison-Logan County,82,"Sterling, Colo."
Baldwin State Prison,82,"Hardwick, Ga."
Las Colinas Detention and Re-Entry Facility,82,"Santee, Calif."
Dubuque County Jail,82,"Dubuque, Iowa"
Pottawattamie County Jail,82,"Council Bluffs, Iowa"
Eddy County Detention Center,82,"Carlsbad, N.M."
Piedmont Regional Jail,82,"Farmville, Va."
South Boise Women's Correctional Center,81,"Kuna, Idaho"
McCormick Correctional Institute,81,"McCormick, S.C."
Ernestine Glossbrenner Unit prison,81,"San Diego, Texas"
Morris County Correctional Facility,81,"Morristown, N.J."
Summit County jail,81,"Akron, Ohio"
Minnesota Correctional Facility – Shakopee,80,"Shakopee, Minn."
Pasquotank Correctional Institution,80,"Elizabeth City, N.C."
McNaughton Correctional Center,80,"Tomahawk, Wis."
Cass County jail,80,"Logansport, Ind."
Butler County Jail,80,"Morgantown, Ky."
Clay County jail,80,"Manchester, Ky."
Nampa Community Reentry Center,79,"Nampa, Idaho"
Wells Conservation Camp prison,79,"Wells, Nev."
Carteret Correctional Center,79,"Newport, N.C."
Allegany County jail,79,"Cumberland, Md."
Kent County Jail,79,"Grand Rapids, Mich."
Dutchess County Jail,79,"Poughkeepsie, N.Y."
Seneca County jail,79,"Tiffin, Ohio"
Roberts Road Residential Facility,78,"Colorado Springs, Colo."
Georgia State Prison,78,"Reidsville, Ga."
Paulding Residential Substance Abuse Treatment prison,78,"Dallas, Ga."
Gloria McDonald prison,78,"Cranston, R.I."
Haskell County jail,78,"Haskell, Texas"
Linn County Jail,78,"Cedar Rapids, Iowa"
Finney County Jail,78,"Garden City, Kansas"
Cache County Jail,77,"Logan, Utah"
Fountain Correctional Facility,76,"Atmore, Ala."
Lee State Prison,76,"Leesburg, Ga."
Gaston Correctional Center,76,"Dallas, N.C."
Sandoval County Jail,76,"Bernalillo, N.M."
Idaho Falls Community Reentry Center,75,"Idaho Falls, Idaho"
Massachusetts Alcohol and Substance Abuse Center,75,"Plymouth, Mass."
Assessment and Transition prison,75,"Anaconda, Mont."
Wallkill Correctional Facility,75,"Wallkill, N.Y."
Yavapai County jail,75,"Camp Verde, Ariz."
Boulder County Jail,75,"Boulder, Colo."
Wayne County jail,75,"Monticello, Ky."
Central Virginia Regional Jail,75,"Orange, Va."
Leake County Correctional Facility,74,"Carthage, Miss."
Cold Springs Correctional Unit #10,74,"Greenville, Va."
Caroline ICE facility,74,"Bowling Green, Va."
Northwest Arkansas Work Release prison,73,"Springdale, Ark."
Ventura Youth Correctional Facility,73,"Camarillo, Calif."
Gwinnett County Correctional Institution,73,"Lawrenceville, Ga."
West Central Integrated Treatment Facility,73,"Zebulon, Ga."
Souza Baranowski Correctional Center,73,"Shirley, Mass."
Eastern Correctional Facility,73,"Napanoch, N.Y."
Watertown Correctional Facility,73,"Watertown, N.Y."
Willacy County State Jail,73,"Raymondville, Texas"
York County Jail,73,"Alfred, Maine"
Lancaster County jail,73,"Lincoln , Neb."
Hamilton County Justice Center,73,"Cincinnati, Ohio"
Holman Correctional Facility,72,"Atmore, Ala."
Dodge State Prison,72,"Chester, Ga."
Illinois Youth Center-Saint Charles,72,"Saint Charles, Ill."
Orange Correctional Center,72,"Hillsborough, N.C."
Patrick Henry Correctional Unit,72,"Ridgeway, Va."
West Detention Center,72,"Belle Glade, Fla."
Madison County jail,72,"Richmond, Ky."
William E. Donaldson Correctional Facility,71,"Bessemer, Ala."
McHenry County Jail,71,"Woodstock, Ill."
Porter County jail,71,"Valparaiso, Ind."
Butler County jail,71,"El Dorado, Kan."
Schenectady County jail,71,"Schenecdaty, N.Y."
Warren County jail,71,"Lebanon, Ohio"
Brown County jail,71,"Green Bay, Wis."
Irwin County ICE facility,71,"Ocilla, Ga."
Kewanee Life Skills Re-Entry Center,70,"Kewanee, Ill."
Otisville Correctional Facility,70,"Mount Hope, N.Y."
Diboll Correctional Center,70,"Diboll, Texas"
Hendry County Jail,70,"LaBelle, Fla."
Floyd County Jail,70,"Prestonsburg, kentucky"
Nelson County Jail,70,"Bardstown, Ky."
Schuylkill County jail,70,"Pottsville, Pa."
Kilby Correctional Facility,69,"Mount Meigs, Ala."
Mat-Su pretrial facility,69,"Palmer, Alaska"
Central Arizona Correctional Facility,69,"Florence, Ariz."
Work Site – San Bernardino County,69,"San Bernardino, Calif."
Washington Correctional Facility,69,"Comstock, N.Y."
Sebastian County jail,69,"Fort Smith, Ark."
Floyd County jail,69,"Rome, Ga."
Denver Reception and Diagnostic Center prison,68,"Denver, Colo."
Turner Residential Substance Abuse Treatment prison,68,"Sycamore, Ga."
Orleans Correctional Facility,68,"Albion, N.Y."
Hardin County jail,68,"Elizabethtown, Ky."
Nash County Detention Center,68,"Nashville, N.C."
Ellis County jail,68,"Waxahachie, Texas"
Northern Correctional Institution,67,"Somers, Conn."
Baker jail,67,"Raleigh, N.C."
Kleberg County Detention Center,67,"Kingsvillle, Texas"
Sing Sing Correctional Facility,66,"Ossining, N.Y."
Columbiana County jail,66,"Lisbon, Ohio"
Clinton County ICE facility,66,"McElhattan, Pa."
Hale Creek Correctional Facility,65,"Johnstown, N.Y."
Lakeview Shock Incarceration Correctional Facility,65,"Brocton, N.Y."
Sanger B. Powers Correctional Center,65,"Oneida, Wis."
Tazewell County jail,65,"Pekin, Ill."
Eden ICE facility,65,"Eden, Texas"
Northern Nevada transitional prison housing,63,"Reno, Nev."
Fortitute Treatment Center,63,"Salt Lake City, Utah"
Gibson County jail,63,"Princeton, Ind."
Howard County jail,63,"Jessup, Md."
Saint Clair County jail,63,"Osceola, Mo."
Gaston County Jail,63,"Gastonia, N.C."
Torrance County ICE facility,63,"Estancia, N.M."
Jean Conservation Camp prison,62,"Jean, Nev."
Allendale Correctional Institute,62,"Allendale, S.C."
Iowa Correctional Institution for Women,61,"Mitchellville, Iowa"
Central Virginia Correctional Unit #13,61,"Chesterfield, Va."
Denmar Correctional Center,61,"Hillsboro, W.Va."
Rockdale County jail,61,"Conyers, Ga."
Ulster Correctional Facility,60,"Napanoch, N.Y."
John C. Burke Correctional Center,60,"Waupun, Wis."
Durham County jail,60,"Durham, N.C."
Mesa Verde ICE Processing Facility,60,"Bakersfield, Calif."
Martin Correctional Institution,59,"Indiantown, Fla."
Jim E. Hamilton Correctional Center,59,"Hodgen, Okla."
Gordon Correctional Center,59,"Gordon, Wis."
Cochise County jails,59,"Bisbee, Ariz."
Oneida County jail,59,"Oriskany, N.Y."
Onslow County Detention Center,59,"Jacksonville, N.C."
Orangeburg-Calhoun Regional Detention Center,59,"Orangeburg, S.C."
Missouri Hills Youth Center,58,"Saint Louis, Mo."
Ulster County Jail,58,"Kingston, N.Y."
Josephine County Jail,58,"Grants Pass, Ore."
Mount View Youth Services Center facility,57,"Lakewood, Colo."
Appalachian Men's Detention Center,57,"Honaker, Va."
Carroll County jail,57,"Carrollton, Ky."
Elko County jail,57,"Elko, Nev."
River ICE facility,57,"Ferriday, La."
Youth Detention Center,56,"Baltimore, Md."
Hogan Street Youth Center,56,"Saint Louis, Mo."
Northeast Reintegration Center prison,56,"Cleveland, Ohio"
Billy Moore Correctional Center,56,"Overton, Texas"
DeSoto County jail,56,"Hernando, Miss."
Boone County jail,56,"Columbia, Mo."
Medina County jail,56,"Medina, Ohio"
Walton Academy,55,"DeFuniak Springs, Fla."
Emanuel Women's Facility prison,55,"Swainsboro, Ga."
Pocatello Women's Correctional Center,55,"Pocatello, Idaho"
Crawford County jail,55,"Saegertown, Pa."
Bedford Adult Detention Center,55,"Bedford, Va."
Rutledge State Prison,54,"Columbus, Ga."
Southern Correctional Institution,54,"Troy, N.C."
Cimarron Correctional Facility,54,"Cushing, Okla."
Enid Community Corrections Center,54,"Enid, Okla."
Mill Creek Correctional Facility,54,"Salem, Ore."
South Dakota Women's Prison Unit E,54,"Pierre, S.D."
Pruntytown Correctional Center,54,"Grafton, W.Va."
Campbell County Adult Detention Center,54,"Rustburg, Va."
Harnett Correctional Institution,53,"Lillington, N.C."
Swannanoa Correctional Center for Women,53,"Black Mountain, N.C."
Santa Cruz County jail,53,"Santa Cruz, Calif."
Simpson County jail,53,"Franklin, Ky."
Robeson County Detention Center,53,"Lumberton, N.C."
Palm Beach Youth Academy,52,"West Palm Beach, Fla."
Burruss Correctional Training Center prison,52,"Forsyth, Ga."
Washington State Prison,52,"Davisboro, Ga."
Logansport Juvenile Correctional Facility,52,"Logansport, Ind."
Issaquena County Regional Correctional Facility,52,"Mayersville, Miss."
Bo Robinson Assessment and Treatment center prison,52,"Mercer County, N.J."
Downstate Correctional Facility,52,"Fishkill, N.Y."
Black River Correctional Center,52,"Black River, Wis."
Jennifer Road jail,52,"Annapolis, Md."
Pitt County Detention Center,52,"Greenville, N.C."
Morgan County Jail,52,"Wartburg, Tenn."
Old County Jail,52,"Brownsville, Texas"
Guaynabo federal prison,52,"Guaynabo, P.R."
Hutchins federal prison halfway house,52,"Hutchins, Texas"
Okaloosa Youth Academy,51,"Crestview, Fla."
Copper Lake School and Lincoln Hills School,51,"Irma, Wis."
Sangamon County Jail,51,"Springfield, Ill."
Edgecombe County jail,51,"Tarboro, N.C."
Washington County jail,51,"Marietta, Ohio"
Fannin County jail,51,"Bonham , Texas"
Whatcom County Jail,51,"Bellingham, Wash."
Joe Corley ICE facility,51,"Conroe, Texas"
McEver Probation Detention Center,50,"Perry, Ga."
Kansas City Reentry Center prison,50,"Kansas City, Mo."
Guadalupe County jail,50,"Seguin, Texas"